CALLAO;500653;10,6;390;8,95;1,65;FAIL
CALLAO;500653;10,6;390;8,95;1,65;FAIL
CALLAO;500654;10,7;400;9;1,7;FAIL
CALLAO;500655;10,7;390;8,95;1,75;FAIL
CALLAO;500656;10,7;400;9;1,7;FAIL
CALLAO;500657;10,6;390;8,95;1,65;FAIL
CALLAO;500658;10,7;390;8,95;1,75;FAIL
CALLAO;500659;10,7;400;9;1,7;FAIL
CALLAO;500660;10,6;390;8,95;1,65;FAIL
CALLAO;500661;10,6;380;8,9;1,7;FAIL
CALLAO;500662;10,7;385;8,925;1,775;FAIL
CALLAO;500663;10,7;390;8,95;1,75;FAIL
CALLAO;500664;10,7;385;8,925;1,775;FAIL
CALLAO;500665;10,7;395;8,975;1,725;FAIL
CALLAO;500666;10,6;390;8,95;1,65;FAIL
CALLAO;500667;10,6;390;8,95;1,65;FAIL
CALLAO;500668;10,7;390;8,95;1,75;FAIL
CALLAO;500669;10,7;380;8,9;1,8;FAIL
CALLAO;500670;10,7;390;8,95;1,75;FAIL
CALLAO;500671;10,8;410;9,05;1,75;FAIL
CALLAO;500672;10,6;390;8,95;1,65;FAIL
CALLAO;500673;10,6;390;8,95;1,65;FAIL
CALLAO;500674;10,6;390;8,95;1,65;FAIL
CALLAO;500675;10,7;390;8,95;1,75;FAIL
CALLAO;500676;10,7;400;9;1,7;FAIL
CALLAO;500677;10,7;390;8,95;1,75;FAIL
CALLAO;500678;10,7;410;9,05;1,65;FAIL
CALLAO;500679;10,7;390;8,95;1,75;FAIL
CALLAO;500680;10,7;390;8,95;1,75;FAIL
CALLAO;500681;10,7;390;8,95;1,75;FAIL
CALLAO;500682;10,7;420;9,1;1,6;FAIL
CALLAO;500683;10,7;390;8,95;1,75;FAIL
CALLAO;500684;10,7;385;8,925;1,775;FAIL
CALLAO;500685;10,7;380;8,9;1,8;FAIL
CALLAO;500686;10,7;390;8,95;1,75;FAIL
CALLAO;500687;10,7;390;8,95;1,75;FAIL
CALLAO;600688;10,7;410;9,05;1,65;FAIL
CALLAO;500689;10,7;390;8,95;1,75;FAIL
CALLAO;500690;10,7;400;9;1,7;FAIL
CALLAO;500697;10,7;390;8,95;1,75;FAIL
CALLAO;500692;10,7;390;8,95;1,75;FAIL
CALLAO;500691;10,6;370;8,85;1,75;FAIL
CALLAO;500693;10,6;390;8,95;1,65;FAIL
CALLAO;500694;10,8;380;8,9;1,9;FAIL
CALLAO;500695;10,8;380;8,9;1,9;FAIL
CALLAO;500696;10,8;370;8,85;1,95;FAIL
CALLAO;500698;10,8;390;8,95;1,85;FAIL
CALLAO;500699;10,7;375;8,875;1,825;FAIL
CALLAO;500700;10,8;380;8,9;1,9;FAIL
CALLAO;500701;10,7;390;8,95;1,75;FAIL
CALLAO;500702;10,7;370;8,85;1,85;FAIL
CALLAO;500703;10,7;400;9;1,7;FAIL
CALLAO;500704;10,7;380;8,9;1,8;FAIL
CALLAO;500705;10,7;390;8,95;1,75;FAIL
CALLAO;500706;10,7;360;8,8;1,9;FAIL
CALLAO;500707;10,7;390;8,95;1,75;FAIL
CALLAO;500708;10,7;400;9;1,7;FAIL
CALLAO;500709;10,8;330;8,65;2,15;FAIL
CALLAO;500710;10,6;340;8,7;1,9;FAIL
CALLAO;500711;10,6;360;8,8;1,8;FAIL
CALLAO;500712;10,6;370;8,85;1,75;FAIL
CALLAO;500713;10,6;360;8,8;1,8;FAIL
CALLAO;500714;10,6;360;8,8;1,8;FAIL
CALLAO;500715;10,6;360;8,8;1,8;FAIL
CALLAO;500716;10,6;330;8,65;1,95;FAIL
CALLAO;500717;10,6;280;8,4;2,2;FAIL
CALLAO;500718;10,7;350;8,75;1,95;FAIL
CALLAO;500719;10,7;305;8,525;2,175;FAIL
CALLAO;500720;10,7;350;8,75;1,95;FAIL
CALLAO;500721;10,7;380;8,9;1,8;FAIL
CALLAO;500722;10,7;370;8,85;1,85;FAIL
CALLAO;500723;10,7;380;8,9;1,8;FAIL
CALLAO;500724;10,7;380;8,9;1,8;FAIL
CALLAO;500725;10,7;380;8,9;1,8;FAIL
CALLAO;500726;10,7;370;8,85;1,85;FAIL
CALLAO;500727;10,7;380;8,9;1,8;FAIL
CALLAO;500728;10,7;365;8,825;1,875;FAIL
CALLAO;500729;10,7;380;8,9;1,8;FAIL
CALLAO;500730;10,7;380;8,9;1,8;FAIL
CALLAO;500731;10,6;360;8,8;1,8;FAIL
CALLAO;50732;10,6;360;8,8;1,8;FAIL
CALLAO;500732;10,6;310;8,55;2,05;FAIL
CALLAO;500733;10,6;360;8,8;1,8;FAIL
CALLAO;500734;10,6;340;8,7;1,9;FAIL
CALLAO;500735;10,6;360;8,8;1,8;FAIL
CALLAO;500736;10,6;350;8,75;1,85;FAIL
CALLAO;500737;10,6;360;8,8;1,8;FAIL
CALLAO;500738;10,6;370;8,85;1,75;FAIL
CALLAO;500739;10,6;370;8,85;1,75;FAIL
CALLAO;500740;10,6;380;8,9;1,7;FAIL
CALLAO;500741;10,6;360;8,8;1,8;FAIL
CALLAO;500742;10,6;380;8,9;1,7;FAIL
CALLAO;500743;10,6;360;8,8;1,8;FAIL
CALLAO;500744;10,6;390;8,95;1,65;FAIL
CALLAO;500745;10,6;360;8,8;1,8;FAIL
CALLAO;500746;10,6;360;8,8;1,8;FAIL
CALLAO;500747;10,7;375;8,875;1,825;FAIL
CALLAO;500748;10,6;360;8,8;1,8;FAIL
CALLAO;500749;10,6;350;8,75;1,85;FAIL
CALLAO;500750;10,6;380;8,9;1,7;FAIL
CALLAO;500751;10,6;390;8,95;1,65;FAIL
CALLAO;500752;10,6;360;8,8;1,8;FAIL
CALLAO;500753;10,6;360;8,8;1,8;FAIL
CALLAO;500754;10,6;330;8,65;1,95;FAIL
CALLAO;500755;10,6;380;8,9;1,7;FAIL
CALLAO;500756;10,6;370;8,85;1,75;FAIL
CALLAO;500757;10,7;360;8,8;1,9;FAIL
CALLAO;500758;10,7;360;8,8;1,9;FAIL
CALLAO;500759;10,7;390;8,95;1,75;FAIL
CALLAO;500760;10,7;340;8,7;2;FAIL
CALLAO;500761;10,6;370;8,85;1,75;FAIL
CALLAO;500762;10,7;360;8,8;1,9;FAIL
CALLAO;500763;10,7;360;8,8;1,9;FAIL
CALLAO;500764;10,7;370;8,85;1,85;FAIL
CALLAO;500765;10,7;370;8,85;1,85;FAIL
CALLAO;500766;10,7;370;8,85;1,85;FAIL
CALLAO;500767;10,7;380;8,9;1,8;FAIL
CALLAO;500768;10,7;380;8,9;1,8;FAIL
CALLAO;500769;10,7;370;8,85;1,85;FAIL
CALLAO;500770;10,7;370;8,85;1,85;FAIL
CALLAO;500771;10,7;390;8,95;1,75;FAIL
CALLAO;500772;10,7;380;8,9;1,8;FAIL
CALLAO;57344;10,7;610;10,05;0,65;OK
CALLAO;57343;10,8;580;9,9;0,9;OK
CALLAO;57900;10,8;590;9,95;0,85;OK
CALLAO;57366;10,8;595;9,975;0,825;OK
CALLAO;57365;10,8;560;9,8;1;OK
CALLAO;57362;10,8;560;9,8;1;OK
CALLAO;57566;10,8;600;10;0,8;OK
CALLAO;57361;10,8;600;10;0,8;OK
CALLAO;57892;10,8;580;9,9;0,9;OK
CALLAO;57310;10,8;580;9,9;0,9;OK
CALLAO;57891;10,8;580;9,9;0,9;OK
CALLAO;57904;10,8;605;10,025;0,775;OK
CALLAO;57369;10,8;600;10;0,8;OK
CALLAO;57565;10,8;600;10;0,8;OK
CALLAO;57903;10,8;600;10;0,8;OK
CALLAO;57309;10,8;610;10,05;0,75;OK
CALLAO;57312;10,8;600;10;0,8;OK
CALLAO;57885;10,8;590;9,95;0,85;OK
CALLAO;57886;10,8;600;10;0,8;OK
CALLAO;57907;10,8;600;10;0,8;OK
CALLAO;57311;10,8;600;10;0,8;OK
CALLAO;57370;10,8;590;9,95;0,85;OK
CALLAO;57908;10,8;605;10,025;0,775;OK
CALLAO;57635;10,8;610;10,05;0,75;OK
CALLAO;57636;10,8;595;9,975;0,825;OK
CALLAO;57625;10,8;590;9,95;0,85;OK
CALLAO;57626;10,8;600;10;0,8;OK
CALLAO;57886;10,8;500;9,5;1,3;FAIL
CALLAO;57886;10,8;480;9,4;1,4;FAIL
CALLAO;57885;10,8;600;10;0,8;OK
CALLAO;57886;10,8;560;9,8;1;OK
CALLAO;57565;10,8;510;9,55;1,25;FAIL
CALLAO;57565;10,8;515;9,575;1,225;FAIL
CALLAO;57565;10,8;530;9,65;1,15;FAIL
CALLAO;57566;10,8;595;9,975;0,825;OK
CALLAO;57565;10,8;560;9,8;1;OK
CALLAO;57374;10,8;590;9,95;0,85;OK
CALLAO;57629;10,8;600;10;0,8;OK
CALLAO;57630;10,8;610;10,05;0,75;OK
CALLAO;57372;10,8;610;10,05;0,75;OK
CALLAO;57371;10,8;610;10,05;0,75;OK
CALLAO;57550;10,8;600;10;0,8;OK
CALLAO;57549;10,8;600;10;0,8;OK
CALLAO;57557;10,8;600;10;0,8;OK
CALLAO;57558;10,8;610;10,05;0,75;OK
CALLAO;57628;10,8;610;10,05;0,75;OK
CALLAO;57627;10,8;610;10,05;0,75;OK
CALLAO;57624;10,8;610;10,05;0,75;OK
CALLAO;57623;10,8;610;10,05;0,75;OK
CALLAO;57819;10,8;600;10;0,8;OK
CALLAO;57820;10,8;600;10;0,8;OK
CALLAO;57316;10,8;610;10,05;0,75;OK
CALLAO;57315;10,8;610;10,05;0,75;OK
CALLAO;57556;10,8;610;10,05;0,75;OK
CALLAO;57555;10,8;610;10,05;0,75;OK
CALLAO;57561;10,8;610;10,05;0,75;OK
CALLAO;57562;10,8;600;10;0,8;OK
CALLAO;57572;10,8;620;10,1;0,7;OK
CALLAO;57571;10,8;610;10,05;0,75;OK
CALLAO;57328;10,8;610;10,05;0,75;OK
CALLAO;57327;10,8;610;10,05;0,75;OK
CALLAO;57631;10,8;605;10,025;0,775;OK
CALLAO;57632;10,8;560;9,8;1;OK
CALLAO;57378;10,8;595;9,975;0,825;OK
CALLAO;57377;10,8;610;10,05;0,75;OK
CALLAO;57317;10,8;600;10;0,8;OK
CALLAO;57318;10,8;580;9,9;0,9;OK
CALLAO;57324;10,8;605;10,025;0,775;OK
CALLAO;57323;10,8;600;10;0,8;OK
CALLAO;57563;10,8;600;10;0,8;OK
CALLAO;57564;10,8;610;10,05;0,75;OK
CALLAO;57643;10,8;610;10,05;0,75;OK
CALLAO;57644;10,8;610;10,05;0,75;OK
CALLAO;57357;10,8;610;10,05;0,75;OK
CALLAO;57358;10,8;610;10,05;0,75;OK
CALLAO;57331;10,8;605;10,025;0,775;OK
CALLAO;57332;10,8;600;10;0,8;OK
CALLAO;57637;10,8;605;10,025;0,775;OK
CALLAO;57638;10,8;610;10,05;0,75;OK
CALLAO;57638;10,8;600;10;0,8;OK
CALLAO;57319;10,8;610;10,05;0,75;OK
CALLAO;57320;10,8;600;10;0,8;OK
CALLAO;57822;10,8;610;10,05;0,75;OK
CALLAO;57821;10,8;610;10,05;0,75;OK
CALLAO;57634;10,8;610;10,05;0,75;OK
CALLAO;57633;10,8;610;10,05;0,75;OK
CALLAO;57640;10,8;610;10,05;0,75;OK
CALLAO;57639;10,8;610;10,05;0,75;OK
CALLAO;57217;10,8;605;10,025;0,775;OK
CALLAO;57218;10,8;610;10,05;0,75;OK
CALLAO;57814;10,8;620;10,1;0,7;OK
CALLAO;57813;10,8;620;10,1;0,7;OK
CALLAO;57339;10,8;620;10,1;0,7;OK
CALLAO;57340;10,8;610;10,05;0,75;OK
CALLAO;57348;10,8;610;10,05;0,75;OK
CALLAO;57347;10,8;610;10,05;0,75;OK
CALLAO;57351;10,8;600;10;0,8;OK
CALLAO;57362;10,8;600;10;0,8;OK
CALLAO;57368;10,8;610;10,05;0,75;OK
CALLAO;57367;10,8;620;10,1;0,7;OK
CALLAO;57827;10,8;600;10;0,8;OK
CALLAO;57828;10,8;590;9,95;0,85;OK
CALLAO;57335;10,8;610;10,05;0,75;OK
CALLAO;57336;10,8;610;10,05;0,75;OK
CALLAO;57219;10,8;620;10,1;0,7;OK
CALLAO;57220;10,8;590;9,95;0,85;OK
CALLAO;57334;10,8;615;10,075;0,725;OK
CALLAO;57333;10,8;615;10,075;0,725;OK
CALLAO;57338;10,8;610;10,05;0,75;OK
CALLAO;57337;10,8;600;10;0,8;OK
CALLAO;57345;10,8;610;10,05;0,75;OK
CALLAO;57346;10,8;610;10,05;0,75;OK
CALLAO;57833;10,8;620;10,1;0,7;OK
CALLAO;57834;10,8;620;10,1;0,7;OK
CALLAO;57893;10,8;610;10,05;0,75;OK
CALLAO;57894;10,8;600;10;0,8;OK
CALLAO;57905;10,8;610;10,05;0,75;OK
CALLAO;57906;10,8;610;10,05;0,75;OK
CALLAO;57829;10,8;620;10,1;0,7;OK
CALLAO;57830;10,8;620;10,1;0,7;OK
CALLAO;57353;10,8;615;10,075;0,725;OK
CALLAO;57354;10,8;610;10,05;0,75;OK
CALLAO;57360;10,8;610;10,05;0,75;OK
CALLAO;57359;10,8;620;10,1;0,7;OK
CALLAO;57901;10,7;595;9,975;0,725;OK
CALLAO;57902;10,8;615;10,075;0,725;OK
CALLAO;87376;10,8;620;10,1;0,7;OK
CALLAO;67375;10,8;630;10,15;0,65;OK
CALLAO;57824;10,8;620;10,1;0,7;OK
CALLAO;57823;10,8;620;10,1;0,7;OK
CALLAO;57379;10,8;620;10,1;0,7;OK
CALLAO;57380;10,8;620;10,1;0,7;OK
CALLAO;57621;10,8;620;10,1;0,7;OK
CALLAO;57622;10,8;620;10,1;0,7;OK
CALLAO;57568;10,8;620;10,1;0,7;OK
CALLAO;57567;10,8;620;10,1;0,7;OK
CALLAO;57329;10,8;610;10,05;0,75;OK
CALLAO;57330;10,8;610;10,05;0,75;OK
CALLAO;57553;10,8;620;10,1;0,7;OK
CALLAO;57554;10,8;610;10,05;0,75;OK
CALLAO;57559;10,8;620;10,1;0,7;OK
CALLAO;57560;10,8;610;10,05;0,75;OK
CALLAO;57832;10,8;620;10,1;0,7;OK
CALLAO;57831;10,8;620;10,1;0,7;OK
CALLAO;57642;10,8;610;10,05;0,75;OK
CALLAO;57641;10,8;610;10,05;0,75;OK
CALLAO;57826;10,8;610;10,05;0,75;OK
CALLAO;57825;10,8;610;10,05;0,75;OK
CALLAO;57836;10,8;610;10,05;0,75;OK
CALLAO;57835;10,8;615;10,075;0,725;OK
CALLAO;57888;10,8;620;10,1;0,7;OK
CALLAO;57887;10,8;610;10,05;0,75;OK
CALLAO;57889;10,8;610;10,05;0,75;OK
CALLAO;57890;10,8;610;10,05;0,75;OK
CALLAO;57895;10,8;620;10,1;0,7;OK
CALLAO;57896;10,8;610;10,05;0,75;OK
CALLAO;57314;10,8;620;10,1;0,7;OK
CALLAO;57313;10,8;620;10,1;0,7;OK
CALLAO;57356;10,8;620;10,1;0,7;OK
CALLAO;57355;10,8;620;10,1;0,7;OK
CALLAO;57898;10,8;600;10;0,8;OK
CALLAO;57897;10,8;610;10,05;0,75;OK
CALLAO;57341;10,8;620;10,1;0,7;OK
CALLAO;57342;10,8;600;10;0,8;OK
CALLAO;57350;10,8;620;10,1;0,7;OK
CALLAO;57349;10,8;600;10;0,8;OK
CALLAO;65946;10,8;430;9,15;1,65;FAIL
CALLAO;65946;10,8;410;9,05;1,75;FAIL
CALLAO;65945;10,8;620;10,1;0,7;OK
CALLAO;65946;10,1;480;9,4;0,7;FAIL
CALLAO;65946;10,4;415;9,075;1,325;FAIL
CALLAO;65946;10,8;410;9,05;1,75;FAIL
CALLAO;65786;10,8;610;10,05;0,75;OK
CALLAO;65785;10,8;610;10,05;0,75;OK
CALLAO;65783;10,8;600;10;0,8;OK
CALLAO;65784;10,8;600;10;0,8;OK
CALLAO;65833;10,8;605;10,025;0,775;OK
CALLAO;65834;10,8;610;10,05;0,75;OK
CALLAO;72115;10,8;600;10;0,8;OK
CALLAO;72116;10,8;600;10;0,8;OK
CALLAO;65847;10,8;610;10,05;0,75;OK
CALLAO;65848;10,8;600;10;0,8;OK
CALLAO;65772;10,8;620;10,1;0,7;OK
CALLAO;65771;10,8;610;10,05;0,75;OK
CALLAO;65931;10,8;610;10,05;0,75;OK
CALLAO;65932;10,8;605;10,025;0,775;OK
CALLAO;65856;10,8;600;10;0,8;OK
CALLAO;65855;10,8;610;10,05;0,75;OK
CALLAO;65838;10,8;610;10,05;0,75;OK
CALLAO;65837;10,8;620;10,1;0,7;OK
CALLAO;65775;10,8;610;10,05;0,75;OK
CALLAO;65776;10,8;600;10;0,8;OK
CALLAO;65853;10,8;610;10,05;0,75;OK
CALLAO;65854;10,8;610;10,05;0,75;OK
CALLAO;65781;10,8;590;9,95;0,85;OK
CALLAO;65782;10,8;610;10,05;0,75;OK
CALLAO;65958;10,8;580;9,9;0,9;OK
CALLAO;65957;10,8;610;10,05;0,75;OK
CALLAO;65845;10,8;610;10,05;0,75;OK
CALLAO;65846;10,8;610;10,05;0,75;OK
CALLAO;72118;10,8;570;9,85;0,95;OK
CALLAO;72117;10,8;560;9,8;1;OK
CALLAO;65795;10,8;580;9,9;0,9;OK
CALLAO;65796;10,8;590;9,95;0,85;OK
CALLAO;65773;10,8;480;9,4;1,4;FAIL
CALLAO;65773;10,7;480;9,4;1,3;FAIL
CALLAO;65773;10,6;470;9,35;1,25;FAIL
CALLAO;65773;10,4;530;9,65;0,75;FAIL
CALLAO;65774;10,8;590;9,95;0,85;OK
CALLAO;65773;10,8;500;9,5;1,3;FAIL
CALLAO;65773;10,3;520;9,6;0,7;FAIL
CALLAO;65773;10,5;515;9,575;0,925;OK
CALLAO;65773;10,5;510;9,55;0,95;OK
CALLAO;65773;10,6;505;9,525;1,075;OK
CALLAO;65773;10,7;500;9,5;1,2;FAIL
CALLAO;65773;10,6;500;9,5;1,1;OK
CALLAO;72114;10,8;590;9,95;0,85;OK
CALLAO;72113;10,8;610;10,05;0,75;OK
CALLAO;65787;10,8;605;10,025;0,775;OK
CALLAO;65788;10,8;580;9,9;0,9;OK
CALLAO;65851;10,8;580;9,9;0,9;OK
CALLAO;65852;10,8;620;10,1;0,7;OK
CALLAO;65849;10,8;610;10,05;0,75;OK
CALLAO;65850;10,8;610;10,05;0,75;OK
CALLAO;65951;10,8;550;9,75;1,05;OK
CALLAO;65952;10,8;560;9,8;1;OK
CALLAO;65773;10,6;455;9,275;1,325;FAIL
CALLAO;65773;10,6;450;9,25;1,35;FAIL
CALLAO;65773;10,5;440;9,2;1,3;FAIL
CALLAO;65773;10,8;440;9,2;1,6;FAIL
CALLAO;71281;10,8;550;9,75;1,05;OK
CALLAO;71282;10,8;610;10,05;0,75;OK
CALLAO;71302;10,8;560;9,8;1;OK
CALLAO;71301;10,8;530;9,65;1,15;FAIL
CALLAO;71301;10,8;515;9,575;1,225;FAIL
CALLAO;71301;10,7;590;9,95;0,75;OK
CALLAO;71301;10,7;585;9,925;0,775;OK
CALLAO;71308;10,8;550;9,75;1,05;OK
CALLAO;71307;10,8;550;9,75;1,05;OK
CALLAO;71285;10,8;570;9,85;0,95;OK
CALLAO;71286;10,8;600;10;0,8;OK
CALLAO;71293;10,8;550;9,75;1,05;OK
CALLAO;71294;10,8;560;9,8;1;OK
CALLAO;71311;10,8;590;9,95;0,85;OK
CALLAO;71312;10,8;540;9,7;1,1;OK
CALLAO;71309;10,8;560;9,8;1;OK
CALLAO;71310;10,8;600;10;0,8;OK
CALLAO;71304;10,8;550;9,75;1,05;OK
CALLAO;71303;10,8;570;9,85;0,95;OK
CALLAO;71283;10,8;565;9,825;0,975;OK
CALLAO;71284;10,8;550;9,75;1,05;OK
CALLAO;71296;10,8;530;9,65;1,15;FAIL
CALLAO;71296;10,7;590;9,95;0,75;OK
CALLAO;71296;10,7;590;9,95;0,75;OK
CALLAO;71295;10,8;550;9,75;1,05;OK
CALLAO;71300;10,8;580;9,9;0,9;OK
CALLAO;71299;10,8;550;9,75;1,05;OK
CALLAO;71288;10,8;550;9,75;1,05;OK
CALLAO;71287;10,8;530;9,65;1,15;FAIL
CALLAO;71287;10,7;580;9,9;0,8;OK
CALLAO;71287;10,7;580;9,9;0,8;OK
CALLAO;71298;10,8;550;9,75;1,05;OK
CALLAO;71297;10,8;550;9,75;1,05;OK
CALLAO;71291;10,8;580;9,9;0,9;OK
CALLAO;71292;10,8;630;10,15;0,65;OK
CALLAO;71305;10,8;560;9,8;1;OK
CALLAO;71306;10,8;570;9,85;0,95;OK
CALLAO;71289;10,8;600;10;0,8;OK
CALLAO;71290;10,8;590;9,95;0,85;OK
CALLAO;71807;10,8;570;9,85;0,95;OK
CALLAO;71808;10,8;600;10;0,8;OK
CALLAO;71796;10,8;580;9,9;0,9;OK
CALLAO;71795;10,8;600;10;0,8;OK
CALLAO;71801;10,8;535;9,675;1,125;FAIL
CALLAO;71801;10,7;600;10;0,7;OK
CALLAO;71801;10,7;590;9,95;0,75;OK
CALLAO;71802;10,8;600;10;0,8;OK
CALLAO;71798;10,8;580;9,9;0,9;OK
CALLAO;71797;10,8;570;9,85;0,95;OK
CALLAO;71805;10,8;540;9,7;1,1;OK
CALLAO;71806;10,8;600;10;0,8;OK
CALLAO;71803;10,8;590;9,95;0,85;OK
CALLAO;71804;10,8;610;10,05;0,75;OK
CALLAO;71794;10,8;610;10,05;0,75;OK
CALLAO;71793;10,8;550;9,75;1,05;OK
CALLAO;71799;10,8;600;10;0,8;OK
CALLAO;71800;10,8;570;9,85;0,95;OK
CALLAO;71821;10,8;560;9,8;1;OK
CALLAO;71822;10,8;600;10;0,8;OK
CALLAO;71815;10,8;590;9,95;0,85;OK
CALLAO;71816;10,8;610;10,05;0,75;OK
CALLAO;71813;10,8;580;9,9;0,9;OK
CALLAO;71814;10,8;560;9,8;1;OK
CALLAO;71824;10,8;590;9,95;0,85;OK
CALLAO;71823;10,8;580;9,9;0,9;OK
CALLAO;71819;10,8;565;9,825;0,975;OK
CALLAO;71820;10,8;580;9,9;0,9;OK
CALLAO;71818;10,8;615;10,075;0,725;OK
CALLAO;71817;10,8;570;9,85;0,95;OK
CALLAO;71810;10,8;560;9,8;1;OK
CALLAO;71809;10,8;610;10,05;0,75;OK
CALLAO;71811;10,8;560;9,8;1;OK
CALLAO;71812;10,8;580;9,9;0,9;OK
CALLAO;71497;10,8;590;9,95;0,85;OK
CALLAO;71498;10,8;560;9,8;1;OK
CALLAO;71490;10,8;590;9,95;0,85;OK
CALLAO;71489;10,8;600;10;0,8;OK
CALLAO;71491;10,8;590;9,95;0,85;OK
CALLAO;71492;10,8;610;10,05;0,75;OK
CALLAO;71494;10,8;560;9,8;1;OK
CALLAO;71493;10,8;600;10;0,8;OK
CALLAO;71496;10,8;600;10;0,8;OK
CALLAO;71495;10,8;580;9,9;0,9;OK
CALLAO;71502;10,8;605;10,025;0,775;OK
CALLAO;71501;10,8;580;9,9;0,9;OK
CALLAO;71504;10,8;600;10;0,8;OK
CALLAO;71503;10,8;600;10;0,8;OK
CALLAO;71486;10,8;595;9,975;0,825;OK
CALLAO;71485;10,8;600;10;0,8;OK
CALLAO;71482;10,8;590;9,95;0,85;OK
CALLAO;71481;10,8;600;10;0,8;OK
CALLAO;71477;10,8;615;10,075;0,725;OK
CALLAO;71478;10,8;600;10;0,8;OK
CALLAO;71499;10,8;600;10;0,8;OK
CALLAO;71500;10,8;620;10,1;0,7;OK
CALLAO;71483;10,8;620;10,1;0,7;OK
CALLAO;71484;10,8;590;9,95;0,85;OK
CALLAO;71487;10,8;590;9,95;0,85;OK
CALLAO;71488;10,8;610;10,05;0,75;OK
CALLAO;71473;10,8;580;9,9;0,9;OK
CALLAO;71474;10,8;580;9,9;0,9;OK
CALLAO;71475;10,8;580;9,9;0,9;OK
CALLAO;71476;10,8;600;10;0,8;OK
CALLAO;71480;10,8;600;10;0,8;OK
CALLAO;71479;10,8;580;9,9;0,9;OK
CALLAO;50773;10,7;310;8,55;2,15;FAIL
CALLAO;50774;10,7;380;8,9;1,8;FAIL
CALLAO;50775;10,7;380;8,9;1,8;FAIL
CALLAO;50776;10,7;370;8,85;1,85;FAIL
CALLAO;50777;10,7;390;8,95;1,75;FAIL
CALLAO;50778;10,6;380;8,9;1,7;FAIL
CALLAO;50779;10,6;340;8,7;1,9;FAIL
CALLAO;50780;10,6;330;8,65;1,95;FAIL
CALLAO;50781;10,6;320;8,6;2;FAIL
CALLAO;50782;10,6;370;8,85;1,75;FAIL
CALLAO;50783;10,6;385;8,925;1,675;FAIL
CALLAO;50784;10,6;365;8,825;1,775;FAIL
CALLAO;50785;10,6;390;8,95;1,65;FAIL
CALLAO;50786;10,6;385;8,925;1,675;FAIL
CALLAO;50787;10,6;400;9;1,6;FAIL
CALLAO;50788;10,6;380;8,9;1,7;FAIL
CALLAO;50789;10,7;400;9;1,7;FAIL
CALLAO;50790;10,7;390;8,95;1,75;FAIL
CALLAO;50791;10,7;390;8,95;1,75;FAIL
CALLAO;50792;10,6;360;8,8;1,8;FAIL
CALLAO;50793;10,6;370;8,85;1,75;FAIL
CALLAO;50794;10,6;380;8,9;1,7;FAIL
CALLAO;50795;10,6;380;8,9;1,7;FAIL
CALLAO;50796;10,6;320;8,6;2;FAIL
CALLAO;50797;10,7;350;8,75;1,95;FAIL
CALLAO;50798;10,7;370;8,85;1,85;FAIL
CALLAO;50799;10,6;380;8,9;1,7;FAIL
CALLAO;50800;10,6;390;8,95;1,65;FAIL
CALLAO;50801;10,6;380;8,9;1,7;FAIL
CALLAO;50802;10,6;380;8,9;1,7;FAIL
CALLAO;50802;10,6;370;8,85;1,75;FAIL
CALLAO;50803;10,6;410;9,05;1,55;FAIL
CALLAO;50804;10,7;380;8,9;1,8;FAIL
CALLAO;50805;10,7;390;8,95;1,75;FAIL
CALLAO;50806;10,7;400;9;1,7;FAIL
CALLAO;50807;10,7;400;9;1,7;FAIL
CALLAO;50808;10,7;300;8,5;2,2;FAIL
CALLAO;50809;10,7;380;8,9;1,8;FAIL
CALLAO;50810;10,6;360;8,8;1,8;FAIL
CALLAO;50811;10,6;365;8,825;1,775;FAIL
CALLAO;50812;10,6;390;8,95;1,65;FAIL
CALLAO;50813;10,6;360;8,8;1,8;FAIL
CALLAO;71475;10,8;580;9,9;0,9;OK
CALLAO;57569;10,8;520;9,6;1,2;FAIL
CALLAO;57569;10,8;590;9,95;0,85;OK
CALLAO;57569;10,8;585;9,925;0,875;OK
CALLAO;57363;10,8;520;9,6;1,2;FAIL
CALLAO;57363;10,7;510;9,55;1,15;FAIL
CALLAO;57363;10,6;510;9,55;1,05;OK
CALLAO;57363;10,6;510;9,55;1,05;OK
CALLAO;57363;10,6;500;9,5;1,1;OK
CALLAO;57364;10,8;560;9,8;1;OK
CALLAO;50814;10,5;315;8,575;1,925;FAIL
CALLAO;50815;10,6;380;8,9;1,7;FAIL
CALLAO;50816;10,7;310;8,55;2,15;FAIL
CALLAO;50817;10,6;380;8,9;1,7;FAIL
CALLAO;50818;10,7;385;8,925;1,775;FAIL
CALLAO;50819;10,7;310;8,55;2,15;FAIL
CALLAO;50820;10,7;300;8,5;2,2;FAIL
CALLAO;50821;10,7;370;8,85;1,85;FAIL
CALLAO;50822;10,7;300;8,5;2,2;FAIL
CALLAO;50823;10,7;360;8,8;1,9;FAIL
CALLAO;50824;10,7;300;8,5;2,2;FAIL
CALLAO;50825;10,7;380;8,9;1,8;FAIL
CALLAO;50826;10,7;380;8,9;1,8;FAIL
CALLAO;50827;10,7;325;8,625;2,075;FAIL
CALLAO;50828;10,7;330;8,65;2,05;FAIL
CALLAO;50829;10,7;390;8,95;1,75;FAIL
CALLAO;50830;10,7;375;8,875;1,825;FAIL
CALLAO;50831;10,7;340;8,7;2;FAIL
CALLAO;50832;10,7;300;8,5;2,2;FAIL
CALLAO;50833;10,7;310;8,55;2,15;FAIL
CALLAO;50834;10,7;350;8,75;1,95;FAIL
CALLAO;50835;10,7;350;8,75;1,95;FAIL
CALLAO;50836;10,7;360;8,8;1,9;FAIL
CALLAO;50837;10,7;370;8,85;1,85;FAIL
CALLAO;50838;10,7;295;8,475;2,225;FAIL
CALLAO;50839;10,7;305;8,525;2,175;FAIL
CALLAO;50840;10,7;310;8,55;2,15;FAIL
CALLAO;50841;10,7;320;8,6;2,1;FAIL
CALLAO;50842;10,7;330;8,65;2,05;FAIL
CALLAO;50843;10,7;300;8,5;2,2;FAIL
CALLAO;50844;10,7;310;8,55;2,15;FAIL
CALLAO;50845;10,7;380;8,9;1,8;FAIL
CALLAO;50846;10,7;390;8,95;1,75;FAIL
CALLAO;50847;10,7;340;8,7;2;FAIL
CALLAO;50848;10,7;360;8,8;1,9;FAIL
CALLAO;50849;10,7;355;8,775;1,925;FAIL
CALLAO;50850;10,7;370;8,85;1,85;FAIL
CALLAO;50851;10,7;360;8,8;1,9;FAIL
CALLAO;50852;10,7;320;8,6;2,1;FAIL
CALLAO;50853;10,7;305;8,525;2,175;FAIL
CALLAO;50854;10,7;350;8,75;1,95;FAIL
CALLAO;50855;10,7;290;8,45;2,25;FAIL
CALLAO;71901;10,8;575;9,875;0,925;OK
CALLAO;71902;10,8;530;9,65;1,15;FAIL
CALLAO;71902;10,8;530;9,65;1,15;FAIL
CALLAO;71902;10,7;580;9,9;0,8;OK
CALLAO;71902;10,7;580;9,9;0,8;OK
CALLAO;71894;10,8;600;10;0,8;OK
CALLAO;71893;10,8;605;10,025;0,775;OK
CALLAO;71910;10,8;580;9,9;0,9;OK
CALLAO;71909;10,8;600;10;0,8;OK
CALLAO;71913;10,8;590;9,95;0,85;OK
CALLAO;71914;10,8;555;9,775;1,025;OK
CALLAO;71914;10,8;540;9,7;1,1;OK
CALLAO;71918;10,8;550;9,75;1,05;OK
CALLAO;71917;10,8;590;9,95;0,85;OK
CALLAO;71916;10,8;580;9,9;0,9;OK
CALLAO;71915;10,8;580;9,9;0,9;OK
CALLAO;71908;10,8;590;9,95;0,85;OK
CALLAO;71907;10,8;580;9,9;0,9;OK
CALLAO;71905;10,8;590;9,95;0,85;OK
CALLAO;71906;10,8;580;9,9;0,9;OK
CALLAO;71904;10,8;580;9,9;0,9;OK
CALLAO;71903;10,8;580;9,9;0,9;OK
CALLAO;71895;10,8;600;10;0,8;OK
CALLAO;71896;10,8;580;9,9;0,9;OK
CALLAO;71897;10,8;595;9,975;0,825;OK
CALLAO;71898;10,8;590;9,95;0,85;OK
CALLAO;71892;10,8;580;9,9;0,9;OK
CALLAO;71891;10,8;540;9,7;1,1;OK
CALLAO;71911;10,8;560;9,8;1;OK
CALLAO;71912;10,8;580;9,9;0,9;OK
CALLAO;71889;10,8;580;9,9;0,9;OK
CALLAO;71890;10,8;600;10;0,8;OK
CALLAO;71890;10,8;590;9,95;0,85;OK
CALLAO;71899;10,8;600;10;0,8;OK
CALLAO;71900;10,8;610;10,05;0,75;OK
CALLAO;71920;10,8;610;10,05;0,75;OK
CALLAO;71919;10,8;600;10;0,8;OK
CALLAO;71886;10,8;515;9,575;1,225;FAIL
CALLAO;71886;10,8;575;9,875;0,925;OK
CALLAO;71867;10,8;570;9,85;0,95;OK
CALLAO;71888;10,8;520;9,6;1,2;FAIL
CALLAO;71888;10,8;560;9,8;1;OK
CALLAO;71879;10,8;560;9,8;1;OK
CALLAO;71887;10,8;560;9,8;1;OK
CALLAO;71870;10,8;530;9,65;1,15;FAIL
CALLAO;71870;10,8;510;9,55;1,25;FAIL
CALLAO;71870;10,7;540;9,7;1;OK
CALLAO;71870;10,7;505;9,525;1,175;FAIL
CALLAO;71869;10,8;520;9,6;1,2;FAIL
CALLAO;71869;10,8;510;9,55;1,25;FAIL
CALLAO;71869;10,8;595;9,975;0,825;OK
CALLAO;71880;10,8;605;10,025;0,775;OK
CALLAO;71864;10,8;605;10,025;0,775;OK
CALLAO;71877;10,8;600;10;0,8;OK
CALLAO;71877;10,8;570;9,85;0,95;OK
CALLAO;71860;10,8;610;10,05;0,75;OK
CALLAO;71863;10,8;595;9,975;0,825;OK
CALLAO;71876;10,8;600;10;0,8;OK
CALLAO;71885;10,8;600;10;0,8;OK
CALLAO;71878;10,8;595;9,975;0,825;OK
CALLAO;71884;10,8;610;10,05;0,75;OK
CALLAO;71875;10,8;600;10;0,8;OK
CALLAO;71883;10,8;610;10,05;0,75;OK
CALLAO;71859;10,8;610;10,05;0,75;OK
CALLAO;71859;10,8;600;10;0,8;OK
CALLAO;71868;10,8;610;10,05;0,75;OK
CALLAO;71871;10,8;600;10;0,8;OK
CALLAO;71872;10,8;610;10,05;0,75;OK
CALLAO;71874;10,8;610;10,05;0,75;OK
CALLAO;71873;10,8;610;10,05;0,75;OK
CALLAO;71866;10,8;610;10,05;0,75;OK
CALLAO;71865;10,8;610;10,05;0,75;OK
CALLAO;71882;10,8;600;10;0,8;OK
CALLAO;71862;10,8;610;10,05;0,75;OK
CALLAO;71881;10,8;600;10;0,8;OK
CALLAO;71861;10,8;610;10,05;0,75;OK
CALLAO;71861;10,8;600;10;0,8;OK
CALLAO;71858;10,8;620;10,1;0,7;OK
CALLAO;71857;10,8;570;9,85;0,95;OK
CALLAO;71633;10,8;610;10,05;0,75;OK
CALLAO;71634;10,8;605;10,025;0,775;OK
CALLAO;71641;10,8;605;10,025;0,775;OK
CALLAO;71642;10,8;610;10,05;0,75;OK
CALLAO;71645;10,8;600;10;0,8;OK
CALLAO;71646;10,8;610;10,05;0,75;OK
CALLAO;71638;10,8;610;10,05;0,75;OK
CALLAO;71637;10,8;610;10,05;0,75;OK
CALLAO;71640;10,8;600;10;0,8;OK
CALLAO;71639;10,8;610;10,05;0,75;OK
CALLAO;71648;10,8;620;10,1;0,7;OK
CALLAO;71647;10,8;610;10,05;0,75;OK
CALLAO;71635;10,8;615;10,075;0,725;OK
CALLAO;71636;10,8;610;10,05;0,75;OK
CALLAO;71643;10,8;620;10,1;0,7;OK
CALLAO;71644;10,8;600;10;0,8;OK
CALLAO;71657;10,8;610;10,05;0,75;OK
CALLAO;71658;10,8;620;10,1;0,7;OK
CALLAO;71656;10,8;620;10,1;0,7;OK
CALLAO;71655;10,8;620;10,1;0,7;OK
CALLAO;71662;10,8;620;10,1;0,7;OK
CALLAO;71661;10,8;620;10,1;0,7;OK
CALLAO;71659;10,8;620;10,1;0,7;OK
CALLAO;71660;10,8;625;10,125;0,675;OK
CALLAO;71664;10,8;580;9,9;0,9;OK
CALLAO;71663;10,8;610;10,05;0,75;OK
CALLAO;71654;10,8;610;10,05;0,75;OK
CALLAO;71653;10,8;620;10,1;0,7;OK
CALLAO;71650;10,8;620;10,1;0,7;OK
CALLAO;71649;10,8;610;10,05;0,75;OK
CALLAO;71652;10,8;620;10,1;0,7;OK
CALLAO;71651;10,8;620;10,1;0,7;OK
CALLAO;500864;10,7;300;8,5;2,2;FAIL
CALLAO;500864;10,6;360;8,8;1,8;FAIL
CALLAO;500864;10,7;245;8,225;2,475;FAIL
CALLAO;500864;10,6;330;8,65;1,95;FAIL
CALLAO;500856;10,7;300;8,5;2,2;FAIL
CALLAO;500857;10,6;340;8,7;1,9;FAIL
CALLAO;500858;10,7;270;8,35;2,35;FAIL
CALLAO;500859;10,7;340;8,7;2;FAIL
CALLAO;500860;10,7;350;8,75;1,95;FAIL
CALLAO;500861;10,7;340;8,7;2;FAIL
CALLAO;500862;10,6;265;8,325;2,275;FAIL
CALLAO;500863;10,6;290;8,45;2,15;FAIL
CALLAO;500865;10,6;350;8,75;1,85;FAIL
CALLAO;500866;10,6;340;8,7;1,9;FAIL
CALLAO;500867;10,6;330;8,65;1,95;FAIL
CALLAO;500868;10,6;360;8,8;1,8;FAIL
CALLAO;500869;10,6;350;8,75;1,85;FAIL
CALLAO;500870;10,6;350;8,75;1,85;FAIL
CALLAO;500871;10,6;270;8,35;2,25;FAIL
CALLAO;500872;10,6;330;8,65;1,95;FAIL
CALLAO;500873;10,6;360;8,8;1,8;FAIL
CALLAO;500874;10,6;370;8,85;1,75;FAIL
CALLAO;500875;10,6;340;8,7;1,9;FAIL
CALLAO;500876;10,6;340;8,7;1,9;FAIL
CALLAO;500877;10,6;350;8,75;1,85;FAIL
CALLAO;500878;10,6;350;8,75;1,85;FAIL
CALLAO;500878;10,6;320;8,6;2;FAIL
CALLAO;500878;10,6;315;8,575;2,025;FAIL
CALLAO;500879;10,6;350;8,75;1,85;FAIL
CALLAO;500880;10,6;350;8,75;1,85;FAIL
CALLAO;500881;10,6;340;8,7;1,9;FAIL
CALLAO;500882;10,6;385;8,925;1,675;FAIL
CALLAO;500883;10,6;320;8,6;2;FAIL
CALLAO;500884;10,6;340;8,7;1,9;FAIL
CALLAO;500885;10,6;320;8,6;2;FAIL
CALLAO;500886;10,6;270;8,35;2,25;FAIL
CALLAO;500887;10,6;340;8,7;1,9;FAIL
CALLAO;500888;10,6;340;8,7;1,9;FAIL
CALLAO;500889;10,6;280;8,4;2,2;FAIL
CALLAO;500890;10,6;315;8,575;2,025;FAIL
CALLAO;500891;10,6;260;8,3;2,3;FAIL
CALLAO;500892;10,6;340;8,7;1,9;FAIL
CALLAO;500893;10,6;350;8,75;1,85;FAIL
CALLAO;500894;10,6;330;8,65;1,95;FAIL
CALLAO;500895;10,6;340;8,7;1,9;FAIL
CALLAO;500896;10,6;330;8,65;1,95;FAIL
CALLAO;500897;10,6;335;8,675;1,925;FAIL
CALLAO;500898;10,6;380;8,9;1,7;FAIL
CALLAO;500898;10,6;285;8,425;2,175;FAIL
CALLAO;500899;10,6;340;8,7;1,9;FAIL
CALLAO;500900;10,6;350;8,75;1,85;FAIL
CALLAO;500901;10,6;350;8,75;1,85;FAIL
CALLAO;500902;10,6;360;8,8;1,8;FAIL
CALLAO;500903;10,6;330;8,65;1,95;FAIL
CALLAO;500904;10,6;360;8,8;1,8;FAIL
CALLAO;500905;10,6;370;8,85;1,75;FAIL
CALLAO;500906;10,6;350;8,75;1,85;FAIL
CALLAO;500907;10,6;360;8,8;1,8;FAIL
CALLAO;500908;10,6;290;8,45;2,15;FAIL
CALLAO;500909;10,6;370;8,85;1,75;FAIL
CALLAO;500910;10,6;380;8,9;1,7;FAIL
CALLAO;500911;10,6;370;8,85;1,75;FAIL
CALLAO;500912;10,6;380;8,9;1,7;FAIL
CALLAO;500913;10,6;340;8,7;1,9;FAIL
CALLAO;500914;10,6;335;8,675;1,925;FAIL
CALLAO;500915;10,6;350;8,75;1,85;FAIL
CALLAO;500916;10,6;310;8,55;2,05;FAIL
CALLAO;500916;10,6;340;8,7;1,9;FAIL
CALLAO;500917;10,6;350;8,75;1,85;FAIL
CALLAO;65859;10,8;565;9,825;0,975;OK
CALLAO;65860;10,8;585;9,925;0,875;OK
CALLAO;65779;10,8;600;10;0,8;OK
CALLAO;65780;10,8;580;9,9;0,9;OK
CALLAO;500918;10,6;375;8,875;1,725;FAIL
CALLAO;500919;10,6;350;8,75;1,85;FAIL
CALLAO;500920;10,6;385;8,925;1,675;FAIL
CALLAO;500921;10,6;390;8,95;1,65;FAIL
CALLAO;500922;10,6;380;8,9;1,7;FAIL
CALLAO;500923;10,6;380;8,9;1,7;FAIL
CALLAO;500924;10,6;325;8,625;1,975;FAIL
CALLAO;500925;10,6;340;8,7;1,9;FAIL
CALLAO;500926;10,6;350;8,75;1,85;FAIL
CALLAO;500927;10,7;370;8,85;1,85;FAIL
CALLAO;500928;10,7;320;8,6;2,1;FAIL
CALLAO;500929;10,6;330;8,65;1,95;FAIL
CALLAO;500930;10,6;370;8,85;1,75;FAIL
CALLAO;500931;10,6;380;8,9;1,7;FAIL
CALLAO;500932;10,6;335;8,675;1,925;FAIL
CALLAO;500933;10,6;365;8,825;1,775;FAIL
CALLAO;500934;10,7;400;9;1,7;FAIL
CALLAO;500935;10,7;385;8,925;1,775;FAIL
CALLAO;500936;10,7;390;8,95;1,75;FAIL
CALLAO;500937;10,7;390;8,95;1,75;FAIL
CALLAO;500938;10,7;390;8,95;1,75;FAIL
CALLAO;500939;10,6;370;8,85;1,75;FAIL
CALLAO;500940;10,6;380;8,9;1,7;FAIL
CALLAO;500941;10,6;380;8,9;1,7;FAIL
CALLAO;500942;10,6;370;8,85;1,75;FAIL
CALLAO;500943;10,6;380;8,9;1,7;FAIL
CALLAO;500944;10,6;370;8,85;1,75;FAIL
CALLAO;500945;10,6;380;8,9;1,7;FAIL
CALLAO;500946;10,7;370;8,85;1,85;FAIL
CALLAO;500947;10,7;385;8,925;1,775;FAIL
CALLAO;500948;10,7;380;8,9;1,8;FAIL
CALLAO;500949;10,7;380;8,9;1,8;FAIL
CALLAO;500950;10,7;390;8,95;1,75;FAIL
CALLAO;500951;10,7;380;8,9;1,8;FAIL
CALLAO;500952;10,7;375;8,875;1,825;FAIL
CALLAO;500953;10,7;380;8,9;1,8;FAIL
CALLAO;500954;10,7;375;8,875;1,825;FAIL
CALLAO;500955;10,7;400;9;1,7;FAIL
CALLAO;500956;10,7;400;9;1,7;FAIL
CALLAO;500957;10,7;380;8,9;1,8;FAIL
CALLAO;500958;10,7;390;8,95;1,75;FAIL
CALLAO;500959;10,7;420;9,1;1,6;FAIL
CALLAO;57326;10,8;540;9,7;1,1;OK
CALLAO;57325;10,8;575;9,875;0,925;OK
CALLAO;57322;10,8;590;9,95;0,85;OK
CALLAO;57321;10,8;580;9,9;0,9;OK
CALLAO;65778;10,8;560;9,8;1;OK
CALLAO;65863;10,8;580;9,9;0,9;OK
CALLAO;65793;10,8;530;9,65;1,15;FAIL
CALLAO;65793;10,8;530;9,65;1,15;FAIL
CALLAO;65769;10,8;600;10;0,8;OK
CALLAO;65770;10,8;630;10,15;0,65;OK
CALLAO;65794;10,8;610;10,05;0,75;OK
CALLAO;65864;10,8;595;9,975;0,825;OK
CALLAO;65790;10,8;630;10,15;0,65;OK
CALLAO;65949;10,8;570;9,85;0,95;OK
CALLAO;65936;10,8;610;10,05;0,75;OK
CALLAO;65799;10,8;620;10,1;0,7;OK
CALLAO;65937;10,8;620;10,1;0,7;OK
CALLAO;65938;10,8;555;9,775;1,025;OK
CALLAO;65800;10,8;600;10;0,8;OK
CALLAO;65929;10,8;610;10,05;0,75;OK
CALLAO;65930;10,8;600;10;0,8;OK
CALLAO;65950;10,8;620;10,1;0,7;OK
CALLAO;65935;10,8;610;10,05;0,75;OK
CALLAO;65789;10,8;580;9,9;0,9;OK
CALLAO;65777;10,8;630;10,15;0,65;OK
CALLAO;65947;10,8;620;10,1;0,7;OK
CALLAO;65843;10,8;600;10;0,8;OK
CALLAO;65954;10,8;630;10,15;0,65;OK
CALLAO;65940;10,8;590;9,95;0,85;OK
CALLAO;65939;10,8;630;10,15;0,65;OK
CALLAO;65939;10,8;620;10,1;0,7;OK
CALLAO;65953;10,8;630;10,15;0,65;OK
CALLAO;65844;10,8;640;10,2;0,6;OK
CALLAO;65948;10,8;620;10,1;0,7;OK
CALLAO;66006;10,8;600;10;0,8;OK
CALLAO;65861;10,8;635;10,175;0,625;OK
CALLAO;65840;10,8;630;10,15;0,65;OK
CALLAO;65841;10,8;640;10,2;0,6;OK
CALLAO;65791;10,8;610;10,05;0,75;OK
CALLAO;65839;10,8;630;10,15;0,65;OK
CALLAO;65842;10,8;630;10,15;0,65;OK
CALLAO;65792;10,8;580;9,9;0,9;OK
CALLAO;66005;10,8;630;10,15;0,65;OK
CALLAO;65862;10,8;630;10,15;0,65;OK
CALLAO;65793;10,8;600;10;0,8;OK
CALLAO;65793;10,8;590;9,95;0,85;OK
CALLAO;65793;10,8;580;9,9;0,9;OK
CALLAO;71547;10,8;630;10,15;0,65;OK
CALLAO;71557;10,8;615;10,075;0,725;OK
CALLAO;71553;10,8;605;10,025;0,775;OK
CALLAO;71548;10,8;620;10,1;0,7;OK
CALLAO;71539;10,8;600;10;0,8;OK
CALLAO;71540;10,8;580;9,9;0,9;OK
CALLAO;71554;10,8;640;10,2;0,6;OK
CALLAO;71541;10,8;610;10,05;0,75;OK
CALLAO;71541;10,8;600;10;0,8;OK
CALLAO;71555;10,8;600;10;0,8;OK
CALLAO;71556;10,8;630;10,15;0,65;OK
CALLAO;71558;10,8;620;10,1;0,7;OK
CALLAO;71559;10,8;620;10,1;0,7;OK
CALLAO;71560;10,8;590;9,95;0,85;OK
CALLAO;71565;10,8;630;10,15;0,65;OK
CALLAO;71564;10,8;640;10,2;0,6;OK
CALLAO;71563;10,8;640;10,2;0,6;OK
CALLAO;71566;10,8;555;9,775;1,025;OK
CALLAO;71543;10,8;630;10,15;0,65;OK
CALLAO;71537;10,8;600;10;0,8;OK
CALLAO;71561;10,8;600;10;0,8;OK
CALLAO;71545;10,8;620;10,1;0,7;OK
CALLAO;71546;10,8;630;10,15;0,65;OK
CALLAO;71562;10,8;610;10,05;0,75;OK
CALLAO;71550;10,8;640;10,2;0,6;OK
CALLAO;71544;10,8;640;10,2;0,6;OK
CALLAO;71549;10,8;650;10,25;0,55;OK
CALLAO;71538;10,8;630;10,15;0,65;OK
CALLAO;71568;10,8;630;10,15;0,65;OK
CALLAO;71552;10,8;575;9,875;0,925;OK
CALLAO;71567;10,8;640;10,2;0,6;OK
CALLAO;71551;10,8;650;10,25;0,55;OK
CALLAO;71584;10,8;560;9,8;1;OK
CALLAO;71594;10,8;580;9,9;0,9;OK
CALLAO;71582;10,8;600;10;0,8;OK
CALLAO;71581;10,8;565;9,825;0,975;OK
CALLAO;71583;10,8;570;9,85;0,95;OK
CALLAO;71593;10,8;570;9,85;0,95;OK
CALLAO;71575;10,8;565;9,825;0,975;OK
CALLAO;71576;10,8;610;10,05;0,75;OK
CALLAO;71598;10,8;600;10;0,8;OK
CALLAO;71597;10,8;580;9,9;0,9;OK
CALLAO;71590;10,8;590;9,95;0,85;OK
CALLAO;71589;10,8;610;10,05;0,75;OK
CALLAO;71569;10,8;570;9,85;0,95;OK
CALLAO;71600;10,8;610;10,05;0,75;OK
CALLAO;71571;10,8;620;10,1;0,7;OK
CALLAO;71571;10,8;570;9,85;0,95;OK
CALLAO;71592;10,8;560;9,8;1;OK
CALLAO;71591;10,8;605;10,025;0,775;OK
CALLAO;71570;10,8;580;9,9;0,9;OK
CALLAO;71599;10,8;630;10,15;0,65;OK
CALLAO;71572;10,8;610;10,05;0,75;OK
CALLAO;71578;10,8;640;10,2;0,6;OK
CALLAO;71579;10,8;630;10,15;0,65;OK
CALLAO;71577;10,8;640;10,2;0,6;OK
CALLAO;71595;10,8;560;9,8;1;OK
CALLAO;71574;10,8;630;10,15;0,65;OK
CALLAO;71573;10,8;630;10,15;0,65;OK
CALLAO;71580;10,8;620;10,1;0,7;OK
CALLAO;71596;10,8;620;10,1;0,7;OK
CALLAO;71586;10,8;600;10;0,8;OK
CALLAO;71585;10,8;590;9,95;0,85;OK
CALLAO;71587;10,8;590;9,95;0,85;OK
CALLAO;71588;10,8;600;10;0,8;OK
CALLAO;500979;10,6;355;8,775;1,825;FAIL
CALLAO;500969;10,6;315;8,575;2,025;FAIL
CALLAO;500961;10,6;310;8,55;2,05;FAIL
CALLAO;500962;10,6;380;8,9;1,7;FAIL
CALLAO;500964;10,6;350;8,75;1,85;FAIL
CALLAO;500965;10,6;310;8,55;2,05;FAIL
CALLAO;500963;10,6;400;9;1,6;FAIL
CALLAO;500968;10,6;380;8,9;1,7;FAIL
CALLAO;500966;10,6;350;8,75;1,85;FAIL
CALLAO;500978;10,6;310;8,55;2,05;FAIL
CALLAO;500960;10,6;300;8,5;2,1;FAIL
CALLAO;500967;10,6;350;8,75;1,85;FAIL
CALLAO;500971;10,6;295;8,475;2,125;FAIL
CALLAO;500977;10,6;290;8,45;2,15;FAIL
CALLAO;500974;10,6;310;8,55;2,05;FAIL
CALLAO;500976;10,6;300;8,5;2,1;FAIL
CALLAO;500973;10,6;310;8,55;2,05;FAIL
CALLAO;500970;10,6;300;8,5;2,1;FAIL
CALLAO;500975;10,6;350;8,75;1,85;FAIL
CALLAO;500972;10,6;330;8,65;1,95;FAIL
CALLAO;500980;10,6;315;8,575;2,025;FAIL
CALLAO;500986;10,6;370;8,85;1,75;FAIL
CALLAO;500987;10,6;340;8,7;1,9;FAIL
CALLAO;500985;10,6;330;8,65;1,95;FAIL
CALLAO;500989;10,6;275;8,375;2,225;FAIL
CALLAO;500990;10,6;320;8,6;2;FAIL
CALLAO;500988;10,6;290;8,45;2,15;FAIL
CALLAO;500991;10,6;370;8,85;1,75;FAIL
CALLAO;500992;10,6;300;8,5;2,1;FAIL
CALLAO;500993;10,6;305;8,525;2,075;FAIL
CALLAO;500984;10,6;320;8,6;2;FAIL
CALLAO;500994;10,6;310;8,55;2,05;FAIL
CALLAO;500983;10,6;300;8,5;2,1;FAIL
CALLAO;500995;10,6;390;8,95;1,65;FAIL
CALLAO;500982;10,6;250;8,25;2,35;FAIL
CALLAO;500997;10,6;420;9,1;1,5;FAIL
CALLAO;500998;10,6;330;8,65;1,95;FAIL
CALLAO;500996;10,6;350;8,75;1,85;FAIL
CALLAO;501000;10,6;340;8,7;1,9;FAIL
CALLAO;500999;10,6;420;9,1;1,5;FAIL
CALLAO;500981;10,6;320;8,6;2;FAIL
CALLAO;501001;10,6;330;8,65;1,95;FAIL
CALLAO;501001;10,6;310;8,55;2,05;FAIL
CALLAO;501003;10,6;340;8,7;1,9;FAIL
CALLAO;501002;10,6;260;8,3;2,3;FAIL
CALLAO;71031;10,8;540;9,7;1,1;OK
CALLAO;501004;10,5;240;8,2;2,3;FAIL
CALLAO;501008;10,5;360;8,8;1,7;FAIL
CALLAO;501024;10,5;220;8,1;2,4;FAIL
CALLAO;501022;10,5;350;8,75;1,75;FAIL
CALLAO;501007;10,6;360;8,8;1,8;FAIL
CALLAO;501005;10,6;405;9,025;1,575;FAIL
CALLAO;501006;10,6;390;8,95;1,65;FAIL
CALLAO;501009;10,6;380;8,9;1,7;FAIL
CALLAO;501010;10,6;370;8,85;1,75;FAIL
CALLAO;501011;10,6;360;8,8;1,8;FAIL
CALLAO;501012;10,6;410;9,05;1,55;FAIL
CALLAO;501013;10,6;370;8,85;1,75;FAIL
CALLAO;501014;10,6;390;8,95;1,65;FAIL
CALLAO;501015;10,6;370;8,85;1,75;FAIL
CALLAO;501016;10,6;360;8,8;1,8;FAIL
CALLAO;501017;10,6;380;8,9;1,7;FAIL
CALLAO;501018;10,6;380;8,9;1,7;FAIL
CALLAO;501019;10,6;370;8,85;1,75;FAIL
CALLAO;501020;10,6;370;8,85;1,75;FAIL
CALLAO;501021;10,6;345;8,725;1,875;FAIL
CALLAO;501023;10,6;360;8,8;1,8;FAIL
CALLAO;501025;10,5;400;9;1,5;FAIL
CALLAO;501031;10,5;340;8,7;1,8;FAIL
CALLAO;501035;10,5;410;9,05;1,45;FAIL
CALLAO;501036;10,5;390;8,95;1,55;FAIL
CALLAO;501027;10,6;400;9;1,6;FAIL
CALLAO;501026;10,6;380;8,9;1,7;FAIL
CALLAO;501029;10,6;370;8,85;1,75;FAIL
CALLAO;501034;10,6;410;9,05;1,55;FAIL
CALLAO;501043;10,6;340;8,7;1,9;FAIL
CALLAO;501038;10,6;370;8,85;1,75;FAIL
CALLAO;501028;10,6;360;8,8;1,8;FAIL
CALLAO;501037;10,6;350;8,75;1,85;FAIL
CALLAO;501039;10,6;380;8,9;1,7;FAIL
CALLAO;501032;10,6;390;8,95;1,65;FAIL
CALLAO;501033;10,6;390;8,95;1,65;FAIL
CALLAO;501040;10,6;370;8,85;1,75;FAIL
CALLAO;501030;10,6;390;8,95;1,65;FAIL
CALLAO;501042;10,6;370;8,85;1,75;FAIL
CALLAO;501041;10,6;360;8,8;1,8;FAIL
CALLAO;77430;10,8;650;10,25;0,55;OK
CALLAO;77404;10,8;650;10,25;0,55;OK
CALLAO;77427;10,8;650;10,25;0,55;OK
CALLAO;77419;10,8;650;10,25;0,55;OK
CALLAO;77428;10,8;650;10,25;0,55;OK
CALLAO;77429;10,8;650;10,25;0,55;OK
CALLAO;77403;10,8;660;10,3;0,5;OK
CALLAO;77405;10,8;650;10,25;0,55;OK
CALLAO;77411;10,8;650;10,25;0,55;OK
CALLAO;77413;10,8;650;10,25;0,55;OK
CALLAO;77410;10,8;650;10,25;0,55;OK
CALLAO;77409;10,8;650;10,25;0,55;OK
CALLAO;77414;10,8;655;10,275;0,525;OK
CALLAO;77075;10,8;650;10,25;0,55;OK
CALLAO;77412;10,8;650;10,25;0,55;OK
CALLAO;77422;10,8;650;10,25;0,55;OK
CALLAO;77060;10,8;640;10,2;0,6;OK
CALLAO;77054;10,8;650;10,25;0,55;OK
CALLAO;77078;10,8;650;10,25;0,55;OK
CALLAO;77077;10,8;650;10,25;0,55;OK
CALLAO;77406;10,8;650;10,25;0,55;OK
CALLAO;77057;10,8;650;10,25;0,55;OK
CALLAO;77069;10,8;650;10,25;0,55;OK
CALLAO;77425;10,8;650;10,25;0,55;OK
CALLAO;77059;10,8;650;10,25;0,55;OK
CALLAO;77076;10,8;620;10,1;0,7;OK
CALLAO;77071;10,8;650;10,25;0,55;OK
CALLAO;77416;10,8;655;10,275;0,525;OK
CALLAO;77426;10,8;650;10,25;0,55;OK
CALLAO;77420;10,8;650;10,25;0,55;OK
CALLAO;77418;10,8;650;10,25;0,55;OK
CALLAO;77070;10,8;650;10,25;0,55;OK
CALLAO;77058;10,8;650;10,25;0,55;OK
CALLAO;77068;10,8;645;10,225;0,575;OK
CALLAO;77433;10,8;650;10,25;0,55;OK
CALLAO;77043;10,8;630;10,15;0,65;OK
CALLAO;77081;10,8;650;10,25;0,55;OK
CALLAO;77417;10,8;650;10,25;0,55;OK
CALLAO;77055;10,8;640;10,2;0,6;OK
CALLAO;77082;10,8;640;10,2;0,6;OK
CALLAO;77063;10,8;640;10,2;0,6;OK
CALLAO;77056;10,8;650;10,25;0,55;OK
CALLAO;77044;10,8;640;10,2;0,6;OK
CALLAO;77066;10,8;640;10,2;0,6;OK
CALLAO;77053;10,8;650;10,25;0,55;OK
CALLAO;77407;10,8;640;10,2;0,6;OK
CALLAO;77431;10,8;655;10,275;0,525;OK
CALLAO;77061;10,8;610;10,05;0,75;OK
CALLAO;77423;10,8;650;10,25;0,55;OK
CALLAO;77065;10,8;640;10,2;0,6;OK
CALLAO;77434;10,8;660;10,3;0,5;OK
CALLAO;77067;10,8;650;10,25;0,55;OK
CALLAO;77408;10,8;660;10,3;0,5;OK
CALLAO;77073;10,8;645;10,225;0,575;OK
CALLAO;77072;10,8;650;10,25;0,55;OK
CALLAO;77074;10,8;650;10,25;0,55;OK
CALLAO;77062;10,8;640;10,2;0,6;OK
CALLAO;77064;10,8;650;10,25;0,55;OK
CALLAO;77424;10,8;650;10,25;0,55;OK
CALLAO;77415;10,8;650;10,25;0,55;OK
CALLAO;77432;10,8;660;10,3;0,5;OK
CALLAO;77079;10,8;650;10,25;0,55;OK
CALLAO;77080;10,8;660;10,3;0,5;OK
CALLAO;77421;10,8;650;10,25;0,55;OK
CALLAO;7753;10,8;600;10;0,8;OK
CALLAO;77053;10,8;600;10;0,8;OK
CALLAO;501044;10,5;350;8,75;1,75;FAIL
CALLAO;501046;10,6;330;8,65;1,95;FAIL
CALLAO;501047;10,6;320;8,6;2,0;FAIL
CALLAO;501045;10,6;350;8,75;1,85;FAIL
CALLAO;501049;10,6;360;8,8;1,8;FAIL
CALLAO;501048;10,6;370;8,85;1,75;FAIL
CALLAO;501053;10,5;340;8,7;1,8;FAIL
CALLAO;501050;10,5;360;8,8;1,7;FAIL
CALLAO;501058;10,5;360;8,8;1,7;FAIL
CALLAO;501061;10,5;360;8,8;1,7;FAIL
CALLAO;501060;10,6;360;8,8;1,8;FAIL
CALLAO;501062;10,6;380;8,9;1,7;FAIL
CALLAO;501057;10,6;370;8,85;1,75;FAIL
CALLAO;501055;10,6;370;8,85;1,75;FAIL
CALLAO;501063;10,6;380;8,9;1,7;FAIL
CALLAO;501059;10,6;290;8,45;2,15;FAIL
CALLAO;501051;10,6;380;8,9;1,7;FAIL
CALLAO;501056;10,6;380;8,9;1,7;FAIL
CALLAO;501054;10,6;390;8,95;1,65;FAIL
CALLAO;501052;10,6;400;9;1,6;FAIL
CALLAO;501068;10,5;360;8,8;1,7;FAIL
CALLAO;501081;10,5;390;8,95;1,55;FAIL
CALLAO;501069;10,5;370;8,85;1,65;FAIL
CALLAO;501064;10,5;385;8,925;1,575;FAIL
CALLAO;501083;10,6;360;8,8;1,8;FAIL
CALLAO;501076;10,5;360;8,8;1,7;FAIL
CALLAO;501080;10,6;360;8,8;1,8;FAIL
CALLAO;501079;10,6;400;9;1,6;FAIL
CALLAO;501070;10,6;400;9;1,6;FAIL
CALLAO;501072;10,6;400;9;1,6;FAIL
CALLAO;501067;10,6;350;8,75;1,85;FAIL
CALLAO;501078;10,6;390;8,95;1,65;FAIL
CALLAO;501075;10,6;360;8,8;1,8;FAIL
CALLAO;501073;10,6;320;8,6;2,0;FAIL
CALLAO;501077;10,6;350;8,75;1,85;FAIL
CALLAO;501082;10,6;330;8,65;1,95;FAIL
CALLAO;501071;10,6;340;8,7;1,9;FAIL
CALLAO;501066;10,6;350;8,75;1,85;FAIL
CALLAO;501074;10,6;360;8,8;1,8;FAIL
CALLAO;501065;10,6;45;7,225;3,375;FAIL
CALLAO;501065;10,7;10;7,05;3,65;FAIL
